{"steps": [0, 100, 200, 300, 400, 500, 600, 700, 800, 900, 1000, 1100, 1200, 1300, 1400, 1500, 1600, 1700, 1800, 1900, 2000, 2100, 2200, 2300, 2400, 2500, 2600, 2700, 2800, 2900, 3000, 3100, 3200, 3300, 3400, 3500, 3600, 3700, 3800, 3900, 4000, 4100, 4200, 4300, 4400, 4500, 4600, 4700, 4800, 4900, 5000, 5100, 5200, 5300, 5400, 5500, 5600, 5700, 5800, 5900, 6000, 6100, 6200, 6300, 6400, 6500, 6600, 6700, 6800, 6900, 7000, 7100, 7200, 7300, 7400, 7500, 7600, 7700, 7800, 7900, 8000, 8100, 8200, 8300, 8400, 8500, 8600, 8700, 8800, 8900, 9000, 9100, 9200, 9300, 9400, 9500, 9600, 9700, 9800, 9900], "values": [0.0, 5.9, 64.0, 24.4, 104.4, 41.800000000000004, 210.0, 33.9, 180.5, 43.5, 217.2, 106.89999999999999, 317.4, 19.0, 147.9, 261.0, 164.3, 317.4, 104.1, 301.5, 125.2, 326.7, 129.8, 321.7, 80.0, 342.2, 63.8, 227.1, 48.5, 229.0, 452.0, 87.7, 315.1, 94.9, 343.4, 78.2, 315.3, 61.300000000000004, 221.79999999999998, 40.4, 139.2, 20.0, 235.1, 221.1, 179.5, 350.40000000000003, 96.1, 356.8, 619.0, 85.1, 263.9, 128.0, 337.0, 116.1, 346.0, 90.6, 324.5, 148.6, 172.2, 19.900000000000002, 182.1, 83.2, 179.1, 280.5, 157.8, 413.8, 137.0, 295.0, 120.7, 215.1, 473.8, 120.2, 362.4, 256.2, 593.1, 81.0, 267.9, 32.5, 267.2, 94.2, 180.8, 36.1, 241.9, 177.9, 97.0, 94.8, 177.1, 416.2, 143.1, 304.4, 107.6, 403.4, 81.7, 293.8, 51.0, 312.3, 125.3, 167.9, 122.3, 291.8]}