{"steps": [0, 100, 200, 300, 400, 500, 600, 700, 800, 900, 1000, 1100, 1200, 1300, 1400, 1500, 1600, 1700, 1800, 1900, 2000, 2100, 2200, 2300, 2400, 2500, 2600, 2700, 2800, 2900, 3000, 3100, 3200, 3300, 3400, 3500, 3600, 3700, 3800, 3900, 4000, 4100, 4200, 4300, 4400, 4500, 4600, 4700, 4800, 4900, 5000, 5100, 5200, 5300, 5400, 5500, 5600, 5700, 5800, 5900, 6000, 6100, 6200, 6300, 6400, 6500, 6600, 6700, 6800, 6900, 7000, 7100, 7200, 7300, 7400, 7500, 7600, 7700, 7800, 7900, 8000, 8100, 8200, 8300, 8400, 8500, 8600, 8700, 8800, 8900, 9000, 9100, 9200, 9300, 9400, 9500, 9600, 9700, 9800, 9900], "values": [0.0, 5.9, 64.0, 113.5, 36.0, 110.3, 69.9, 230.1, 46.1, 168.4, 34.9, 211.8, 27.0, 127.2, 15.8, 161.7, 355.6, 35.6, 139.5, 15.5, 113.4, 318.2, 120.2, 320.8, 595.0, 143.2, 164.0, 330.7, 384.0, 695.3, 101.3, 241.1, 103.8, 324.0, 496.5, 102.9, 315.7, 65.2, 354.1, 284.9, 140.2, 156.1, 375.8, 737.1, 133.1, 209.3, 35.2, 290.6, 76.4, 255.6, 185.5, 444.2, 55.3, 157.0, 27.400000000000002, 270.0, 85.5, 211.4, 415.4, 148.0, 504.6, 242.1, 407.1, 81.4, 371.9, 54.6, 243.6, 108.5, 155.3, 157.6, 145.8, 433.1, 75.5, 354.5, 109.89999999999999, 226.4, 229.1, 437.3, 70.2, 204.1, 156.9, 319.3, 409.59999999999997, 122.3, 133.3, 154.9, 304.9, 129.4, 326.2, 149.4, 430.9, 118.7, 274.0, 384.8, 516.4, 95.3, 317.7, 37.7, 302.0, 79.2]}