{"steps": [0, 100, 200, 300, 400, 500, 600, 700, 800, 900, 1000, 1100, 1200, 1300, 1400, 1500, 1600, 1700, 1800, 1900, 2000, 2100, 2200, 2300, 2400, 2500, 2600, 2700, 2800, 2900, 3000, 3100, 3200, 3300, 3400, 3500, 3600, 3700, 3800, 3900, 4000, 4100, 4200, 4300, 4400, 4500, 4600, 4700, 4800, 4900, 5000, 5100, 5200, 5300, 5400, 5500, 5600, 5700, 5800, 5900, 6000, 6100, 6200, 6300, 6400, 6500, 6600, 6700, 6800, 6900, 7000, 7100, 7200, 7300, 7400, 7500, 7600, 7700, 7800, 7900, 8000, 8100, 8200, 8300, 8400, 8500, 8600, 8700, 8800, 8900, 9000, 9100, 9200, 9300, 9400, 9500, 9600, 9700, 9800, 9900], "values": [0.0, 1.4, 47.199999999999996, 154.6, 342.6, 14.9, 121.4, 224.6, 382.0, 367.5, 59.2, 213.5, 428.6, 577.9, 20.8, 195.3, 478.2, 705.1, 578.7, 119.5, 347.6, 555.1, 821.4, 38.0, 226.2, 498.6, 549.4, 544.1, 114.0, 320.7, 546.4, 863.5, 20.0, 138.4, 346.7, 549.9, 539.2, 115.4, 437.1, 754.8, 992.0, 36.0, 186.4, 416.2, 594.2, 606.9, 157.4, 484.6, 790.7, 1098.5, 66.60000000000001, 251.7, 477.1, 561.1, 570.0, 143.7, 393.8, 718.6, 1109.3, 79.7, 212.9, 424.3, 651.1, 681.4, 285.7, 433.4, 672.1, 1017.7, 58.4, 144.5, 342.7, 548.8, 548.7, 135.7, 377.6, 755.8, 978.1, 132.4, 239.9, 424.2, 622.6, 647.4, 570.2, 875.0, 648.3, 964.8, 67.4, 207.9, 393.8, 563.3, 616.1, 496.3, 843.6, 1263.6, 1135.9, 28.1, 219.2, 436.9, 613.3, 552.8]}