{"steps": [0, 100, 200, 300, 400, 500, 600, 700, 800, 900, 1000, 1100, 1200, 1300, 1400, 1500, 1600, 1700, 1800, 1900, 2000, 2100, 2200, 2300, 2400, 2500, 2600, 2700, 2800, 2900, 3000, 3100, 3200, 3300, 3400, 3500, 3600, 3700, 3800, 3900, 4000, 4100, 4200, 4300, 4400, 4500, 4600, 4700, 4800, 4900, 5000, 5100, 5200, 5300, 5400, 5500, 5600, 5700, 5800, 5900, 6000, 6100, 6200, 6300, 6400, 6500, 6600, 6700, 6800, 6900, 7000, 7100, 7200, 7300, 7400, 7500, 7600, 7700, 7800, 7900, 8000, 8100, 8200, 8300, 8400, 8500, 8600, 8700, 8800, 8900, 9000, 9100, 9200, 9300, 9400, 9500, 9600, 9700, 9800, 9900, 10000], "values": [0, 0.0, 27.999999999999996, 91.80000000000001, 211.10000000000002, 1.5, 26.0, 128.2, 292.3, 214.6, 26.7, 100.30000000000001, 199.89999999999998, 317.7, 9.8, 65.6, 196.7, 380.3, 261.0, 11.200000000000001, 56.7, 164.4, 314.7, 13.6, 71.9, 201.39999999999998, 380.9, 255.4, 24.5, 93.3, 186.5, 310.7, 3.7, 45.0, 137.29999999999998, 306.3, 178.7, 39.8, 132.3, 306.3, 515.1999999999999, 1.0, 36.9, 203.10000000000002, 514.9, 590.7, 228.4, 357.40000000000003, 592.6999999999999, 868.0999999999999, 87.0, 60.8, 223.10000000000002, 488.0, 476.4, 213.89999999999998, 391.20000000000005, 648.4, 940.8000000000001, 12.2, 56.900000000000006, 208.0, 432.59999999999997, 443.7, 207.6, 463.50000000000006, 832.0, 1251.1, 176.30000000000004, 134.1, 229.2, 415.3, 289.8, 46.9, 155.99999999999997, 358.30000000000007, 631.9, 0.0, 37.8, 191.10000000000002, 402.3, 324.2, 41.6, 137.4, 277.29999999999995, 479.29999999999995, 5.1, 31.0, 164.3, 367.6, 278.4, 25.8, 109.5, 277.9, 510.9, 10.0, 60.599999999999994, 183.39999999999998, 370.7, 310.1, 6.4]}