{"steps": [0, 100, 200, 300, 400, 500, 600, 700, 800, 900, 1000, 1100, 1200, 1300, 1400, 1500, 1600, 1700, 1800, 1900, 2000, 2100, 2200, 2300, 2400, 2500, 2600, 2700, 2800, 2900, 3000, 3100, 3200, 3300, 3400, 3500, 3600, 3700, 3800, 3900, 4000, 4100, 4200, 4300, 4400, 4500, 4600, 4700, 4800, 4900, 5000, 5100, 5200, 5300, 5400, 5500, 5600, 5700, 5800, 5900, 6000, 6100, 6200, 6300, 6400, 6500, 6600, 6700, 6800, 6900, 7000, 7100, 7200, 7300, 7400, 7500, 7600, 7700, 7800, 7900, 8000, 8100, 8200, 8300, 8400, 8500, 8600, 8700, 8800, 8900, 9000, 9100, 9200, 9300, 9400, 9500, 9600, 9700, 9800, 9900, 10000], "values": [0.0, 0.3333333333333333, 2.3333333333333335, 3.0, 5.0, 1.3333333333333333, 3.3333333333333335, 4.666666666666667, 5.333333333333333, 6.666666666666667, 3.6666666666666665, 3.3333333333333335, 3.3333333333333335, 4.0, 3.3333333333333335, 4.666666666666667, 5.666666666666667, 5.666666666666667, 6.666666666666667, 2.3333333333333335, 3.3333333333333335, 4.0, 5.333333333333333, 3.3333333333333335, 4.333333333333333, 5.0, 6.0, 6.0, 4.0, 3.6666666666666665, 4.333333333333333, 5.333333333333333, 2.3333333333333335, 3.3333333333333335, 6.0, 7.666666666666667, 8.0, 5.0, 5.666666666666667, 5.333333333333333, 6.333333333333333, 3.6666666666666665, 6.0, 6.0, 6.333333333333333, 7.333333333333333, 4.666666666666667, 4.666666666666667, 4.333333333333333, 4.333333333333333, 3.6666666666666665, 5.333333333333333, 6.0, 6.333333333333333, 7.333333333333333, 5.333333333333333, 6.333333333333333, 6.0, 6.333333333333333, 4.333333333333333, 3.6666666666666665, 5.666666666666667, 6.333333333333333, 6.0, 7.666666666666667, 7.0, 7.666666666666667, 8.666666666666666, 5.333333333333333, 5.333333333333333, 6.0, 7.0, 7.333333333333333, 3.0, 4.666666666666667, 5.0, 5.666666666666667, 3.0, 4.666666666666667, 6.333333333333333, 7.0, 7.666666666666667, 4.333333333333333, 3.6666666666666665, 5.0, 5.0, 2.6666666666666665, 4.0, 5.666666666666667, 6.666666666666667, 7.0, 3.0, 5.0, 5.0, 6.0, 4.333333333333333, 5.0, 4.0, 4.666666666666667, 5.333333333333333, 2.0]}