{"steps": [0, 100, 200, 300, 400, 500, 600, 700, 800, 900, 1000, 1100, 1200, 1300, 1400, 1500, 1600, 1700, 1800, 1900, 2000, 2100, 2200, 2300, 2400, 2500, 2600, 2700, 2800, 2900, 3000, 3100, 3200, 3300, 3400, 3500, 3600, 3700, 3800, 3900, 4000, 4100, 4200, 4300, 4400, 4500, 4600, 4700, 4800, 4900, 5000, 5100, 5200, 5300, 5400, 5500, 5600, 5700, 5800, 5900, 6000, 6100, 6200, 6300, 6400, 6500, 6600, 6700, 6800, 6900, 7000, 7100, 7200, 7300, 7400, 7500, 7600, 7700, 7800, 7900, 8000, 8100, 8200, 8300, 8400, 8500, 8600, 8700, 8800, 8900, 9000, 9100, 9200, 9300, 9400, 9500, 9600, 9700, 9800, 9900, 10000], "values": [0.0, 0.0, 9.333333333333332, 30.600000000000005, 70.36666666666667, 0.5, 8.666666666666666, 42.73333333333333, 97.43333333333334, 71.53333333333333, 8.9, 33.43333333333334, 66.63333333333333, 105.89999999999999, 3.266666666666667, 21.866666666666664, 65.56666666666666, 126.76666666666667, 87.0, 3.733333333333334, 18.900000000000002, 54.800000000000004, 104.89999999999999, 4.533333333333333, 23.96666666666667, 67.13333333333333, 126.96666666666665, 85.13333333333334, 8.166666666666666, 31.099999999999998, 62.166666666666664, 103.56666666666666, 1.2333333333333334, 15.0, 45.76666666666666, 102.10000000000001, 59.56666666666666, 13.266666666666666, 44.1, 102.10000000000001, 171.73333333333332, 0.3333333333333333, 12.299999999999999, 67.7, 171.63333333333333, 196.9, 76.13333333333334, 119.13333333333334, 197.56666666666663, 289.3666666666666, 29.0, 20.266666666666666, 74.36666666666667, 162.66666666666666, 158.79999999999998, 71.3, 130.4, 216.13333333333333, 313.6, 4.066666666666666, 18.96666666666667, 69.33333333333333, 144.2, 147.9, 69.2, 154.50000000000003, 277.3333333333333, 417.0333333333333, 58.76666666666668, 44.699999999999996, 76.39999999999999, 138.43333333333334, 96.60000000000001, 15.633333333333333, 51.99999999999999, 119.43333333333335, 210.63333333333333, 0.0, 12.6, 63.70000000000001, 134.1, 108.06666666666666, 13.866666666666667, 45.800000000000004, 92.43333333333332, 159.76666666666665, 1.7, 10.333333333333334, 54.76666666666667, 122.53333333333335, 92.8, 8.6, 36.5, 92.63333333333333, 170.29999999999998, 3.3333333333333335, 20.2, 61.133333333333326, 123.56666666666666, 103.36666666666667, 2.1333333333333333]}