{"steps": [0, 100, 200, 300, 400, 500, 600, 700, 800, 900, 1000, 1100, 1200, 1300, 1400, 1500, 1600, 1700, 1800, 1900, 2000, 2100, 2200, 2300, 2400, 2500, 2600, 2700, 2800, 2900, 3000, 3100, 3200, 3300, 3400, 3500, 3600, 3700, 3800, 3900, 4000, 4100, 4200, 4300, 4400, 4500, 4600, 4700, 4800, 4900, 5000, 5100, 5200, 5300, 5400, 5500, 5600, 5700, 5800, 5900, 6000, 6100, 6200, 6300, 6400, 6500, 6600, 6700, 6800, 6900, 7000, 7100, 7200, 7300, 7400, 7500, 7600, 7700, 7800, 7900, 8000, 8100, 8200, 8300, 8400, 8500, 8600, 8700, 8800, 8900, 9000, 9100, 9200, 9300, 9400, 9500, 9600, 9700, 9800, 9900, 10000], "values": [0, 0.0, 0.0, 4.3, 27.6, 67.60000000000001, 123.2, 5.1, 21.5, 60.6, 114.9, 2.3, 0.0, 19.0, 57.699999999999996, 2.2, 7.6, 17.6, 27.6, 2.2, 24.099999999999998, 86.0, 163.3, 3.0, 23.0, 80.9, 188.0, 3.4, 27.5, 57.5, 87.5, 2.5, 12.5, 32.1, 74.8, 1.3, 21.6, 61.9, 131.6, 1.2, 16.6, 46.0, 94.5, 3.7, 28.7, 65.3, 109.2, 0.7, 20.2, 74.6, 155.0, 0.0, 9.100000000000001, 50.3, 122.1, 0.0, 17.5, 45.2, 88.4, 5.6, 18.0, 46.8, 101.39999999999999, 27.0, 33.800000000000004, 52.1, 91.6, 59.300000000000004, 9.5, 51.0, 131.6, 230.7, 20.5, 18.7, 40.4, 79.80000000000001, 17.3, 45.4, 87.4, 159.1, 11.0, 31.1, 82.1, 156.3, 13.3, 38.6, 75.8, 143.7, 15.3, 57.0, 97.5, 168.6, 3.6, 32.4, 67.8, 121.5, 6.2, 19.099999999999998, 49.1, 92.7, 3.6]}